id,employer,district,taluka,description,salary,is_active,current_job_type_id,current_job_type,current_industry,recommended_job_type,recommended_industry,notes
dcc74762-f3b8-49e0-95ec-54a32618046b,Kulkarni Placement,कोल्हापूर,कोल्हापूर,Accountant cum Admin.,,yes,21,Accountant,General,OK,Construction,construction keywords found
9d0d7fb3-412d-4565-8e64-9e9240c5d39f,Sublime India facilities,पुणे,मुळशी,साइटवर काम करणाऱ्या कर्मचारी (Housekeeping / Security / Manpower) यांचे व्यवस्थापन करणे. कर्मचार्‍यांची उपस्थिती (Attendance) तपासणे आणि रिपोर्ट तयार करणे. साइटवरील काम व्यवस्थित आणि वेळेत पूर्ण होत आ,14000,yes,12,Supervisor,General,Security Guard,OK,description mentions security/guard work
d8dadce7-c113-449a-ac5d-b0952e7d2313,Kulkarni Placement,कोल्हापूर,कोल्हापूर,Store Manager.,,yes,10,Warehouse Worker,General,OK,Retail / Shop,construction keywords found; retail/shop keywords found
dd5ecc4a-7975-418b-a9d9-9eec0854c6b9,Monali,पुणे,पुणे शहर,"Service industry Digital marketing Qualification gratuate bcom Experience 1 years Role responsibility Social media channels add ,SOE Handling, Preparing Post adds etc Gender male or female Salary 17-2",22000,yes,87,Graphic Designer,IT & Digital,Salesman / Marketing,OK,description mentions sales/marketing
98fd501c-8a0f-42ff-bc7b-5a8e6248526b,Kulkarni Tushar,सांगली,सांगली,हॉस्पिटल कॅन्टीन. पुरुष/महिला.,,yes,39,Waiter,Hotel,OK,Hospital,healthcare keywords found
3f64dee4-9bdb-4dff-aab8-483afebbdfd2,Bhimsen Patil Computer Classes,कोल्हापूर,कोल्हापूर,Marketing Assistant. Salary as per interview. दुसरा संपर्क: 9503716272.,,yes,1,Sales,General,OK,OK,looks correct
d187f1c9-acfc-4ea5-9454-4ceebc993349,Priyanka Rajput,पुणे,पुणे शहर,Subject: Physics. Process: Online Demo. Demo video compulsory.,"50,000",yes,61,Teacher,Education,OK,OK,looks correct
05446997-ba9a-4986-8925-9f1912834e7e,Priyanka Rajput,लातूर,लातूर,"Subject: Math's, Biology. Process: Online/Offline Demo. Demo video compulsory.","50,000-60,000",yes,61,Teacher,Education,OK,OK,looks correct
d4552cfb-e847-462b-918b-26b462e9232f,Priyanka Rajput,कोल्हापूर,कोल्हापूर,Subject: Math's (Advance level). Process: Online written + Offline Demo. Demo video compulsory.,20-22 LPA,yes,64,Lecturer,Education,OK,OK,looks correct
75001f35-bb74-4459-9289-9c97382b9a78,Shubham,सांगली,सांगली,Social media marketing on facebook and whatsapp of Mahajob website.,10000,yes,20,Marketing,General,OK,Construction,IT/software keywords found; construction keywords found
5be01fa2-fb1f-4077-9afc-5dc79043547e,Sublime India facilities,पुणे,मुळशी,"संस्था किंवा इमारतीची स्वच्छता राखणे. फ्लोअर साफ करणे, झाडू व पुसणे. कचरा गोळा करून योग्य ठिकाणी टाकणे. वॉशरूम स्वच्छ ठेवणे आणि आवश्यक साहित्य तपासणे. डस्टिंग करणे (टेबल, खुर्च्या, काचेचे भाग इ.). स्व",11500,yes,29,Housekeeping,Hospital,OK,OK,looks correct
e4f263a0-7e2a-4b5f-ae63-fd237613de97,आनंद रियालिटी,सांगली,सांगली,"पद: सेल्स मॅनेजर (रियल इस्टेट) | कामाचे स्वरूप: ग्राहकांशी कॉन्टॅक्ट करणे, साइट व्हिजिटचे नियोजन करणे, सेल्स संबंधित नोंदी व रेकॉर्ड सांभाळणे, कॉम्पुटर आणि ERP सॉफ्टवेअर वापरणे, इतर सेल्स कामे | ईमेल:",,yes,1,Sales,General,OK,Software / IT,IT/software keywords found
2f701206-b317-47e9-9483-78cd52c57754,Sublime India facilities,पुणे,पुणे शहर,कंपनीच्या सर्व साइट्सवरील कामकाजाचे नियोजन व व्यवस्थापन करणे. सुपरवायझर व स्टाफ (Housekeeping / Security / Manpower) यांचे मार्गदर्शन व नियंत्रण ठेवणे. क्लायंटशी नियमित संपर्क ठेवून त्यांच्या गरजा समज,25000-30000,yes,18,Field Worker,General,Supervisor,OK,description mentions security/guard work; description mentions supervisor role
a7f77e26-b34d-42de-bce9-37def9d91ed8,Sunil Thorat Recruitment,पुणे,पुणे,"Accounting (Account, Finance, Taxation). 2-5 LPA. Age up to 40.",,yes,21,Accountant,General,OK,Finance,finance/banking keywords found
5375f007-e7ef-4c53-82cf-32282ed0b6c6,Priyanka Rajput,कोल्हापूर,कोल्हापूर,Subject: Physics. Process: Online/Offline Demo. Demo video compulsory.,12 LPA,yes,64,Lecturer,Education,OK,OK,looks correct
fa563a0c-87df-4a92-a664-9276379d33a7,Priyanka Rajput,पुणे,पुणे शहर,"Subject: Math's, Physics, Chemistry. Process: Online written + Demo. Demo video compulsory. Note: Only IITian/NITian faculty required.",12 LPA पर्यंत,yes,64,Lecturer,Education,Teacher,OK,description mentions teaching
476540c2-1221-4182-85c6-72aae5d2a97f,Priyanka Rajput,पुणे,बारामती,Subject: Biology. Process: Online written + Demo. Demo video compulsory.,10 LPA,yes,64,Lecturer,Education,OK,OK,looks correct
05a3a1c6-3828-4c92-9805-264ab5de428b,Sangli Properties LLP,सांगली,सांगली,"फील्ड आणि मार्केटिंग काम. स्वतःची मोटरसायकल आवश्यक. पेट्रोल भत्ता. आकर्षक इन्सेन्टिव्ह. विश्रामबाग, सांगली. दुसरा संपर्क: 9156037011",,yes,20,Marketing,General,OK,OK,looks correct
672d00ee-ffb4-4457-81e1-011adf54e87d,Vishal Koli,सांगली,मिरज,📢 Job Vacancy – Mobile Accessories Shop (Sangli) Mobile accessories shop साठी smart आणि active salesman हवा आहे. ✔ Customer handling skill असणे आवश्यक ✔ Mobile accessories ची basic knowledge असेल तर ,500 + Daily Incentive,yes,1,Sales,General,OK,Retail / Shop,retail/shop keywords found
ce88184d-4347-44c7-8790-7ecf5c178213,Sublime India facilities,पुणे,पुणे शहर,"संस्था किंवा इमारतीची स्वच्छता राखणे. फ्लोअर साफ करणे, झाडू व पुसणे. कचरा गोळा करून योग्य ठिकाणी टाकणे. वॉशरूम स्वच्छ ठेवणे आणि आवश्यक साहित्य तपासणे. डस्टिंग करणे (टेबल, खुर्च्या, काचेचे भाग इ.). स्व",12000,yes,29,Housekeeping,Hospital,OK,OK,looks correct
1ed7ec8b-84ab-4543-a692-b3a8687bce37,Sunil Kamble,ठाणे,शहापूर,Data Entry Operator. 9 hrs duty. Age 20-50. PF + ESIC + Bonus. राहणे व जेवणाची सोय आहे.,20000 रुपये महिना,yes,16,Computer Operator,General,OK,OK,looks correct
a7f8ef3c-7fb7-4b00-8447-adf17b1056b9,Priyanka Rajput,कोल्हापूर,कोल्हापूर,"Subject: Physics, Chemistry (9th-10th). Process: Online Demo. Demo video compulsory.","30,000-40,000 + राहणे + जेवण",yes,61,Teacher,Education,OK,OK,looks correct
b2436fc5-09e8-4b18-9784-39f86b063bd8,Priyanka Rajput,सांगली,सांगली,Subject: Math's. Process: Online/Offline Demo. Demo video compulsory. Note: Only Maharashtrian faculty required.,"50,000-60,000 + राहणे + जेवण",yes,61,Teacher,Education,OK,OK,looks correct
6767a8e9-28c4-4738-8c76-84952918ac0e,Samikaran Charitable Trust,सांगली,सांगली,"Part-Time Mobilizer. संपूर्ण महाराष्ट्रात जागा उपलब्ध. ₹5000 फिक्स + ₹1000 प्रवास भत्ता + ₹3000 परफॉर्मन्स इन्सेन्टिव्ह. ID Card, प्रशिक्षण, फील्ड साहित्य, अनुभव प्रमाणपत्र दिले जाईल. Email: samikaran",9000 रुपये महिना,yes,18,Field Worker,General,OK,Automobile,automobile keywords found
5ae967eb-b8a9-41fc-ad13-27bc3926385f,Sunil Nikam,कोल्हापूर,कोल्हापूर,CNC / VMC / VTL मशीन ऑपरेटर. दहावी/बारावी/ITI फ्रेशर पाहिजेत. कोल्हापूर व सांगली येथे जागा उपलब्ध.,,yes,46,Operator,Manufacturing,OK,OK,looks correct
2e5906f0-dae8-472a-a8e3-30fb837b9d60,सहयोग मल्टीस्टेट क्रेडिट को-ऑपरेटिव्ह सोसायटी,सांगली,सांगली,Pygmy Collection Agent. दैनंदिन पिग्मी वसुली. तयार कस्टमर - नवीन शोधण्याची गरज नाही. दररोज निश्चित कलेक्शन. आकर्षक कमिशन. मेहनतीनुसार वाढती कमाई.,,yes,15,Bank Staff,General,OK,OK,looks correct
10e1958b-07bd-412e-85bf-902f263494ad,Kunal Shitole,सांगली,सांगली,TATA 709 ड्रायव्हर. सांगली लोकल.,,yes,4,Driver,General,OK,OK,looks correct
a585fa04-7734-489e-8478-4601a7dc5fa9,WEALTHY PARTNER KOLHAPUR,कोल्हापूर,कोल्हापूर,TELECALLING FOR CREDIT CARD,8000,yes,13,Telecaller,General,OK,Automobile,automobile keywords found
ed7c6315-c095-49cf-aa62-0cb84f646fad,SG Enterprises,कोल्हापूर,कोल्हापूर,"Marketing + Site Visit Executive. Roofing/Tiles/Fabrication साठी कस्टमर साईट भेट. Measurements व site photos. Builders/contractors/homeowners भेटी. Leads follow up. Unchagav, कोल्हापूर. Two-wheeler co",12000 ते 15000 रुपये महिना,yes,20,Marketing,General,OK,Real Estate,construction keywords found; real estate keywords found
f4636521-0916-4aee-b96a-81857c64619c,Mahaveer Medico,कोल्हापूर,कोल्हापूर,"मेडिकल शॉप स्टाफ. शिफ्ट: सकाळी 8 ते 5 किंवा दुपारी 3 ते रात्री 11. पत्ता: Jagruti Nagar Hou. Society, Near Mahaveer Bhavan, कोल्हापूर. दुसरा संपर्क: 7507532727.",,yes,9,Shop Assistant,General,OK,OK,looks correct
4720989c-fa18-4583-a076-13ad03f3339d,Sunil Nikam,सांगली,सांगली,CNC / VMC / VTL मशीन ऑपरेटर. दहावी/बारावी/ITI फ्रेशर पाहिजेत. कोल्हापूर व सांगली येथे जागा उपलब्ध.,,yes,46,Operator,Manufacturing,OK,OK,looks correct
79d6160e-b69d-427e-8679-72527f39e6d2,Kulkarni Placement,कोल्हापूर,कोल्हापूर,Accountant.,,yes,21,Accountant,General,OK,Construction,construction keywords found
75680fac-66d6-4545-985c-aff625cc03eb,Optigma,कोल्हापूर,कागल,"कोअर शॉप (100 जागा) + फेटलिंग शॉप रिव्हर्क (25 जागा). कागल 5 स्टार MIDC. शिक्षणाची अट नाही. डॉक्युमेंट: आधार कार्ड, पॅन कार्ड, बँक पासबुक, 2 फोटो. संपर्क: अतुल कोरवी 7385222917, अनिकेत माने 9545721122",16800 ते 17800 रुपये महिना,yes,47,Worker,Manufacturing,OK,Finance,finance/banking keywords found
ceb81515-1e10-45bc-8be4-75db7b2b5122,The Changediya Enterprises,पुणे,पुणे शहर,"Office Admin (Female Only). Freshers Can Apply. Smartphone, Internet & Computer Knowledge Mandatory. Good Communication Skill Required. Part Time 8am-2pm / 2pm-8pm. Full Time 8am-8pm. Location: Waghol",₹60/तास (पार्ट टाइम) / ₹60/तास (फुल टाइम),yes,9,Shop Assistant,General,OK,OK,looks correct
62798ef0-21ed-4fda-9b74-38ed3960ffcf,Shubham,सांगली,सांगली,Sanjay Gatade tea company madhe salesman pahije.,15000,yes,1,Sales,General,OK,OK,looks correct
1551cd7c-fb5f-44cd-b95c-f1bb00aa13ea,Walstar Technologies,कोल्हापूर,कोल्हापूर,Accountant. Female candidates only. MBA (HR) / Any Graduate. Passout 2022-2025. Freshers & experienced.,,yes,21,Accountant,General,OK,OK,looks correct
6f826ed2-1eec-435a-8619-96b43d5431c0,Wealthy Partner Kolhapur,कोल्हापूर,कोल्हापूर,"Business Executive. Sterling Tower, Shahupuri, Kolhapur. दुसरा संपर्क: 8672837538.",8000,yes,1,Sales,General,OK,OK,looks correct
4383b6ae-0af0-43f4-bd17-2d4f651708c9,Raj Patil,मुंबई,मुंबई शहर,🟦 ✈️ एअरपोर्टमध्ये परमनंट नोकरीची सुवर्णसंधी! 🟦 🔥 Apply करा – तुमच्यासाठी उत्तम आणि स्थायी (Permanent) नोकरी! 📞 HR Raj Sir -8850152812 --- 📌 पात्रता (Eligibility): ✅ किमान शिक्षण – 8वी पास ✅ वयोम,18000 to 35000,yes,12,Supervisor,General,Helper / Peon,Government,aviation/airport keywords found; finance/banking keywords found; government keywords found; description mentions helper/peon work
7c8725d6-ab94-47ed-9683-14dc4cbb5d65,The Changediya Enterprises,पुणे,पुणे शहर,Changediya Group is looking for motivated and organized female candidates to join our team as an Office Administrator. We welcome freshers who are eager to start their career in a professional environ,60 रूपये प्रति तास / 18000 महिना,yes,17,Office Assistant,General,OK,Automobile,automobile keywords found
bac8a25b-9126-4180-ad29-0f93400f956a,Smart Technical Jaysingpur,कोल्हापूर,जयसिंगपूर,"Civil / Mechanical Engineer. Degree, Diploma, ITI. Fresher or experienced.",15000-35000 रुपये महिना,yes,19,Engineer,General,OK,Construction,construction keywords found
73718b7e-63cf-472d-aaa4-05ee18e58a55,Satara Cafe,सातारा,सातारा,"Fast food cooking (rolls, momos, chicken items). Cleaning & hygiene knowledge. Full time. Experienced cook required.",15000-18000 रुपये महिना,yes,38,Cook,Hotel,OK,OK,looks correct
0c092fc0-aab1-451c-8de6-9a8fce58c027,The Changediya Enterprises,पुणे,पुणे शहर,,₹ 40 प्रति तास,yes,13,Telecaller,General,OK,OK,looks correct
62e09ec7-5a13-49b6-9bf0-a0a0621f84fc,Smart Meter Installation,सोलापूर,सोलापूर,स्मार्ट मीटर बसवणे. 125 पेक्षा जास्त मीटर बसवल्यास प्रति मीटर 125 रु. दोन चाकी वाहन अनिवार्य. फक्त पुरुष. मोफत नोकरी. संपर्क: भूषण सर.,15000 रुपये महिना,yes,53,Electrician,Construction,OK,OK,looks correct
d33de71a-9509-468c-9795-89694138e0bb,Sujit Khondre,सातारा,सातारा,Survey/data collection फील्ड वर्कर (Field Worker). Boys & girls. 8 hrs. दुसरा संपर्क: 9766368613.,18000-20000 रुपये महिना,yes,18,Field Worker,General,OK,OK,looks correct
92c7e4f5-0c0a-4ad6-9863-30116e59c455,Sofi Sonawne,अहमदनगर,अहमदनगर,Restaurant मध्ये Helper पाहिजे. Food accommodation provided. Fresher/experience both accepted.,13000 ते 14000 रुपये महिना,yes,11,Helper,General,OK,Hotel / Restaurant,hotel/restaurant keywords found
bfcf79e1-0f8a-4a66-8f2b-8c2ce1d9affe,Sofi Sonawne,पुणे,पुणे शहर,Restaurant मध्ये Helper पाहिजे. Food accommodation provided. Fresher/experience both accepted.,13000 ते 14000 रुपये महिना,yes,11,Helper,General,OK,Hotel / Restaurant,hotel/restaurant keywords found
ab091341-3a4e-4037-a424-28eb87e19874,Abhishek mengade,सातारा,सातारा,*📌📢नोकरी... 📢नोकरी... 📢नोकरी...* ➖➖➖➖➖➖➖➖➖➖ *🔰📍सातारा शहरापासून फक्त 07 किमी अंतरावर असलेल्या ऑटोमोबाईल व फोर्जीन कंपनी मध्ये अनुभवी मुले / पुरुष यांना नोकरीची सुवर्णं संधी..!* ➖➖➖➖➖➖➖➖➖➖ *👨🏻‍,,yes,46,Operator,Manufacturing,OK,Automobile,automobile keywords found
e15d534f-e926-4770-8fc6-6e92f43ca99a,Samikaran Charitable Trust,मुंबई,मुंबई शहर,Samikaran Charitable Trust मध्ये फील्ड वर्क. दिवसाला फक्त 1 तास काम. महिला / पुरुष / कॉलेज स्टुडंट सर्वांसाठी संधी. शिक्षणाची व वयाची कोणतीही अट नाही. बोलण्याचे कौशल्य आणि कॉन्फिडन्स असावा. Field Work,"10,000/महिना (दिवसाला 1 तास)",yes,18,Field Worker,General,OK,Education,education keywords found
925c1b1b-dd48-4caa-a871-a1a3b13de08f,SAHYADRI INDIA GROUP,पुणे,पुणे शहर,सेनापती बापट रोड वरील नामांकित मॉल मध्ये आम्हाला सुरक्षा रक्षक गार्ड पाहिजेत. पगार २२००० रु हातात देण्यात येईल.,18000 - 22000,yes,3,Security Guard,General,OK,OK,looks correct
82f2bffe-1835-429e-944d-a531557b0760,Kolhapur Office,कोल्हापूर,कोल्हापूर,Technician. Training provided. कोल्हापूर.,,yes,5,Mechanic,General,OK,OK,looks correct
23ace0bd-38fc-4432-8d73-5b2b82ccfb3b,Madhuvan Honey,सांगली,सांगली,Field Executive. WhatsApp CV.,,yes,1,Sales,General,OK,OK,looks correct
46ff3e2b-caa5-4111-8acd-ad44ecca3e10,IGB PRIVATE LIMITED,नागपूर,हिंगणा,"💼 Position: Office Executive / Assistant 💰 Income: Based on Interview + Free Stay & Food ⏰ Timing: Full Time ✨ Perks & Benefits: 🏡 Comfortable free accommodation 🍽️ Free (1 Time Food, 1BHK, 2BHK) ",15000/- to 25000/-,yes,17,Office Assistant,General,OK,Automobile,automobile keywords found
cb1d8966-a7e4-4b11-bf9c-ea3291337adf,The Changediya Enterprises,पुणे,पुणे शहर,डिलिव्हरी बॉय पाहिजे Two wheeler येणे आवश्यक,₹40 प्रति तास,yes,2,Delivery Boy,General,OK,Automobile,automobile keywords found
86b54a05-7b83-4cfc-9c8a-036336aa5bfd,myEplatform,सांगली,सांगली,"पद: रील मेकर (प्रोफेशनल क्रिएटिव) | कामाचे स्वरूप: रील शूट, रील एडिटिंग, CapCut वापरणे | फुल टाइम साइट जॉब, फ्रीलान्सर्सनी अर्ज करू नये | ईमेल: info@myeplatform.com | पत्ता: myEplatform, 80ft Road, वि",,yes,90,Video Editor,IT & Digital,OK,OK,looks correct
750e6619-2017-452e-92af-93aa720d62b6,myEplatform,सांगली,सांगली,"पद: अकाउंटंट | कौशल्ये: Tally, Excel, GST, Final Accounts | भाषा: इंग्रजी, मराठी व हिंदी | वर्क फ्रॉम होम नाही | CV पाठवा: info@myeplatform.com | पत्ता: myEplatform, 80ft Road, विश्रामबाग, सांगली",,yes,21,Accountant,General,OK,OK,looks correct
ac0a35e9-9536-4933-898d-3596c7cc3516,The Changediya Enterprises,पुणे,पुणे शहर,"Part Time 3pm-7pm वाघोली येथे GST, E-way Bill, E Invoicing, Income Tax knowledge mandatory",₹100 प्रति तास / ₹10000 प्रति महिना,yes,21,Accountant,General,OK,OK,looks correct
1be975a2-8c54-4f8d-ad4c-a50897897d7c,Smart Meter Installation,सातारा,सातारा,स्मार्ट मीटर बसवणे. 125 पेक्षा जास्त मीटर बसवल्यास प्रति मीटर 125 रु. दोन चाकी वाहन अनिवार्य. फक्त पुरुष. मोफत नोकरी. संपर्क: भूषण सर.,15000 रुपये महिना,yes,53,Electrician,Construction,OK,OK,looks correct
d48172a9-0384-4ee6-9ff5-362bb3959f33,Raj Patil,मुंबई,मुंबई,"Supervisor. Staff management, shift planning, daily reporting. Permanent job. Age 18-45. PF, medical insurance, gratuity. Contact: HR Raj Sir.",22000-28000 रुपये महिना,yes,12,Supervisor,General,OK,Hospital,finance/banking keywords found; healthcare keywords found
b41aeeaf-c470-41a8-9c0d-ab31db336f59,Sofi Sonawne,पुणे,पुणे शहर,Restaurant मध्ये Waiter पाहिजे. Food accommodation provided. Fresher/experience both accepted.,14000 रुपये महिना + service tip,yes,39,Waiter,Hotel,OK,Hotel / Restaurant,hotel/restaurant keywords found
9071ff38-f99e-494a-a08c-bfa5c1c6fef1,A to Z Furniture,कोल्हापूर,कोल्हापूर,सफाई कामगार (Ladies). Ujlaiwadi highway.,,yes,7,Cleaner,General,OK,OK,looks correct
eb1a263a-9e39-4240-af30-a771f6aaeed8,Sofi Sonawne,अहमदनगर,अहमदनगर,Restaurant. Salary + service tip. Free food & accommodation.,,yes,39,Waiter,Hotel,OK,Hotel / Restaurant,hotel/restaurant keywords found
2c2d28a1-3a4c-472d-ac44-94b1127803ba,Kulkarni Placement,कोल्हापूर,कोल्हापूर,Assistant HR.,,yes,14,HR,General,OK,Construction,construction keywords found
0a68c404-f7d6-4d09-a89a-6395ec6385c5,Future Creation IT Services,सातारा,सातारा,"तामजाई नगर, सातारा. Graduate किंवा MBA. फ्रेशर्स किंवा अनुभवी. दुसरा संपर्क: 7083670809",10000 ते 15000 रुपये महिना,yes,13,Telecaller,General,OK,OK,looks correct
622eb446-4146-410b-8f64-592b20c07934,Vibgyor Solar,कोल्हापूर,कोल्हापूर,सोलर इंस्टॉलेशन प्रॅक्टिकल काम. अनुभवी इलेक्ट्रिशियन. लगेच जॉइन.,,yes,53,Electrician,Construction,OK,OK,looks correct
cbcdff12-d2a2-4b96-b969-e6823c3ebddc,Mulik Misal,कोल्हापूर,करवीर,"प्रशिक्षण देण्यात येईल,",10000 per Month,yes,102,Hotel staff,Hotel,OK,OK,looks correct
163a74a4-e3ba-49da-98f0-b7c8d613002c,Shreyash desai,पुणे,पुणे शहर,Back office executive,550,yes,17,Office Assistant,General,OK,OK,looks correct
2b2849ed-5742-4c70-a042-d9d6b10a4f1d,7 PLUMERIA DRIVE,पुणे,हवेली,,800,yes,53,Electrician,Construction,OK,OK,looks correct
7608f241-62da-46bd-bab3-e7538faa680d,Sofi Sonawne,पुणे,पुणे,"Kitchen helper in cafe. Free stay and food. Freshers welcome, training provided. Location: Hinjewadi/Kothrud, Pune.",,yes,11,Helper,General,OK,OK,looks correct
45aef6b6-00e1-4a31-be0a-bb697e7a8cbc,Vibs Na Shop,कोल्हापूर,कोल्हापूर,Counter salesman at shop. Urgent requirement.,,yes,9,Shop Assistant,General,Salesman / Marketing,Retail / Shop,retail/shop keywords found; description mentions sales/marketing
eff6e17f-d903-4f08-8a61-e7cb5d99500f,Kulkarni Placement,कोल्हापूर,कोल्हापूर,Store Keeper.,,yes,10,Warehouse Worker,General,OK,Retail / Shop,construction keywords found; retail/shop keywords found
2e8dc280-f82a-4cd6-9beb-9a37019c1b62,हॉटेल वैष्णवी,सांगली,सांगली,"रेस्टॉरंट. स्वयंपाक, चिराचिरी, चपाती भाकरी, भांडी. फक्त महिला. पूर्णवेळ. संगीता एक्सलन्सी, कोल्हापूर रोड, सांगली 416416.",,yes,38,Cook,Hotel,OK,Hotel / Restaurant,hotel/restaurant keywords found
4c058708-a832-4ab4-a776-e8426ef44d7d,Vibs Na Shop,कोल्हापूर,कोल्हापूर,"Worker at automobile shop. M.J. Market, Near M.J. Wines, Kolhapur. Urgent.",,yes,5,Mechanic,General,OK,Automobile,retail/shop keywords found; automobile keywords found
202e39ba-74d7-4c94-8e6b-eb0e264829d7,Rich Apple Agrotech India Pvt Ltd,पुणे,संपूर्ण महाराष्ट्र,कृषी क्षेत्रात सेल्स एक्झिक्युटिव्ह. होम टाऊन मध्ये काम. शेतकरी व कृषी विक्रेत्यांशी संवाद. उत्तम संभाषण कौशल्य आवश्यक. सेल्स अनुभवास प्राधान्य.,,yes,1,Sales,General,OK,Agriculture,agriculture/farming keywords found
80f1f378-ffcc-4caa-803c-8e2d928468e5,Sandeep Anna Patil and Company,सांगली,सांगली,"Ladies Accountant in Tax Consultant Office. Location: Khanbhag, Sangli.",,yes,21,Accountant,General,OK,OK,looks correct
bcf1109f-71e6-4fec-a573-4b1fe9e03c98,Kulkarni Placement,सांगली,सांगली,थर्ड पार्टी जॉब. कोणतेही चार्जेस नाहीत.,,yes,21,Accountant,General,OK,Construction,construction keywords found
ff411eb4-638e-4440-bc20-055770426c9f,Raj Patil,मुंबई,मुंबई,"Ground Staff/Customer Service. Help desk, passenger guidance, boarding assistance. Permanent job. Age 18-45. PF, medical insurance, gratuity. Contact: HR Raj Sir.",18000-22000 रुपये महिना,yes,8,Receptionist,General,OK,Hospital,finance/banking keywords found; healthcare keywords found
9c26eace-7319-47a5-8d36-6361e2be52a8,Sunil Thorat Recruitment,मुंबई,मुंबई,"Banking Operations (Assistant Manager, Cashier, Teller, BRO, CSO). 2-5 LPA. Age up to 40.",,yes,15,Bank Staff,General,OK,Finance,finance/banking keywords found
88d2d579-51cf-4bce-a0fd-1aef92aa733b,Madhukar Herwade,सांगली,सांगली,Purchase Officer. Salary as per experience. WhatsApp resume only.,,yes,17,Office Assistant,General,OK,OK,looks correct
d060241d-aaed-46df-a655-e337f6735bc5,S.m.care services,कोल्हापूर,कोल्हापूर,Home health care services,300,yes,17,Office Assistant,General,OK,Automobile,automobile keywords found
c63429ed-b830-4f46-9ea6-549bb3b920b7,Sunil Thorat Recruitment,पुणे,पुणे,"Banking Operations (Assistant Manager, Cashier, Teller, BRO, CSO). 2-5 LPA. Age up to 40.",,yes,15,Bank Staff,General,OK,Finance,finance/banking keywords found
d8444d22-c21b-4291-bbe4-0d9df5f80b87,Public Placement Services,ठाणे,ठाणे,"🚨Urgent Hiring for Telesales 📌 Easy Process - Dhandha AI 🎓 Qualification :- HSC / Graduate 💼Experience :- 6 months experienced in Sales 🗣️Communication:- Average English communication and Hindi, ",18000 to 30000,yes,1,Sales,General,OK,Construction,construction keywords found
38a7d089-9d5c-424e-b1ac-8ce7e75afb1e,Walstar Technologies,कोल्हापूर,कोल्हापूर,Business Development Associate (BDA). Female candidates only. Any Graduate. Passout 2022-2025. Freshers & experienced.,,yes,1,Sales,General,OK,OK,looks correct
0281d6e1-9240-48e6-8577-4b47362026f4,Raj Patil,मुंबई,मुंबई,"Baggage scanning, boarding pass check, security check. Permanent job. Age 18-45. PF, medical insurance, gratuity. Contact: HR Raj Sir.",20000-25000 रुपये महिना,yes,3,Security Guard,General,OK,Hospital,finance/banking keywords found; healthcare keywords found
de4dbab9-5a8b-49af-b6e5-1cf0af746890,Raj Patil,मुंबई,मुंबई,"Housekeeping. Terminal, toilet & cabin cleaning. Permanent job. Age 18-45. PF, medical insurance, gratuity. Contact: HR Raj Sir.",12000-18000 रुपये महिना,yes,7,Cleaner,General,OK,Hospital,finance/banking keywords found; healthcare keywords found
48857845-05ad-412b-8960-aafb231a54fa,Smart Meter Installation,पुणे,पिंपरी-चिंचवड,"12th pass or ITI (min 40%). Age limit 23. Free bus, canteen, medical insurance, uniform & books. Contact: Bhushan Bhalerao. No fees. Interview: February full month.",16500 रुपये महिना,yes,22,Other,General,OK,Hotel / Restaurant,finance/banking keywords found; healthcare keywords found; hotel/restaurant keywords found
6e0b28ea-a124-4dd2-bc00-651deb8bfa47,Smart Meter Installation,पुणे,पुणे,स्मार्ट मीटर बसवणे. 125 पेक्षा जास्त मीटर बसवल्यास प्रति मीटर 125 रु. दोन चाकी वाहन अनिवार्य. फक्त पुरुष. मोफत नोकरी. संपर्क: भूषण सर.,15000 रुपये महिना,yes,53,Electrician,Construction,OK,OK,looks correct
82cdb48f-a48e-43e3-acb3-5743c47ed5ee,Ankit,पुणे,पुणे शहर,सेल्स एक्झिक्युटिव्ह – इन्शुरन्स प्रोसेस आम्ही आमच्या इन्शुरन्स सेल्स टीममध्ये उत्साही उमेदवारांना शोधत आहोत. फ्रेशर्स आणि अनुभवी दोन्ही उमेदवारांचे स्वागत आहे. शिफ्ट: ९:३० ते ६:३० | १ रोटेशनल वीक ऑफ ,14000 to 16200 Rs,yes,1,Sales,General,OK,Finance,finance/banking keywords found
54bb9353-4354-4841-a5ad-3c6c1b39eb0b,Baramati MNC company,पुणे,इंदापूर,"📍 WE ARE HIRING – WALK-IN INTERVIEW 📍 🏭 Company: Kalyani centre tech.Forge Ltd 📍 Location: Loni Devkar MIDC, Indapur or Baramati location(contact for more details) 🗓 Interview Dates: 07 to 13 mar",18000,yes,47,Worker,Manufacturing,OK,Hotel / Restaurant,hotel/restaurant keywords found
affda734-bf81-4aec-b609-d6de7462467c,Sujit Khondre,लातूर,लातूर,Survey/data collection फील्ड वर्कर (Field Worker). Boys & girls. 8 hrs. दुसरा संपर्क: 9766368613.,18000-20000 रुपये महिना,yes,18,Field Worker,General,OK,OK,looks correct
e5cbe66a-5ce2-46c6-828b-52ecb9cb9393,Kolhapur Office,कोल्हापूर,कोल्हापूर,Office Boy. Training provided. कोल्हापूर.,,yes,6,Peon,General,OK,OK,looks correct
c6753089-1f46-4a76-827e-7bfca5368978,S.m.care services,रत्नागिरी,रत्नागिरी,Patient care taker,650,yes,36,Ward Boy,Hospital,OK,Automobile,automobile keywords found
798aca77-37f5-4f2e-849e-157153045d5c,Baramati MNC company,पुणे,बारामती,"📍 WE ARE HIRING – WALK-IN INTERVIEW 📍 📚 Qualification: • 12th (MCVC) • ITI – All Trades • Diploma • BE / BSc 💰 Salary Details: 🔹 12th (MCVC) / ITI • Gross: ₹20,500 • In-hand: ₹17400 🔹 Diploma / ",17500 to 25500,yes,47,Worker,Manufacturing,OK,Hotel / Restaurant,hotel/restaurant keywords found
13229b72-0047-4eea-992f-b4b885e421b1,ISS Facility Services,पुणे,पुणे,"ITI Electrician, Diploma or BE Electrical. Sus-Nande Pune. Canteen + PF + ESIC + Mediclaim + Suraksha Policy. Contact: Sunil Patil.",20500 रुपये महिना,yes,53,Electrician,Construction,OK,Hotel / Restaurant,hotel/restaurant keywords found
554a86ad-dfff-498f-bcc1-96a5e270d59e,Kulkarni Placement,सांगली,मिरज,Store Clerk. MIDC मिरज.,,yes,10,Warehouse Worker,General,OK,Retail / Shop,construction keywords found; retail/shop keywords found
310f12d5-ce44-4828-8894-c1280fd754b3,H. Mane Security,सांगली,सांगली,"Security Supervisor. 8 hrs, 26 days. Age 25-45. Ex-serviceman priority. Food facility. दुसरा संपर्क: Arjun Patil 8421937939.",23300 रुपये महिना,yes,3,Security Guard,General,Supervisor,OK,description mentions supervisor role
d3693b66-7a42-450c-8e49-310e47180eb4,Future Creation IT Services,सातारा,सातारा,"HR एक्झिक्युटिव. तामजाई नगर, सातारा. Graduate किंवा MBA. फ्रेशर्स किंवा अनुभवी. दुसरा संपर्क: 7083670809",10000 ते 15000 रुपये महिना,yes,14,HR,General,OK,OK,looks correct
42f5c312-dcbc-4548-8a7c-7496d6905811,Future Creation IT Services,सातारा,सातारा,"सर्विस एक्झिक्युटिव. तामजाई नगर, सातारा. Graduate किंवा MBA. फ्रेशर्स किंवा अनुभवी. दुसरा संपर्क: 7083670809",10000 ते 15000 रुपये महिना,yes,22,Other,General,OK,OK,looks correct
e7e6af8d-5476-4d95-926c-0ffc9358ca49,Bhimsen Patil Computer Classes,कोल्हापूर,कोल्हापूर,"Teaching staff for computer classes. MS Office, Tally, Typing Eng/Marathi. Salary as per interview. दुसरा संपर्क: 9503716272.",,yes,61,Teacher,Education,Data Entry / Computer Operator,OK,description mentions accounting; description mentions data entry/computer work
0b511f72-57ef-47c1-911e-cc701d4594ba,Chandrakala Mam,पालघर,पालघर,"ऑफिस मध्ये बसून काम. 8 तास (10 ते 5). मुले-मुली पाहिजेत. शिक्षण: 10th, 12th, ITI, BA, BSc, BBA, BCom, Diploma, Degree — सर्व शिक्षण चालेल. राहणे company तर्फे. आवश्यक कागदपत्रे: आधार कार्ड, पॅन कार्ड,","18,000 - 22,000",yes,17,Office Assistant,General,OK,OK,looks correct
7002bb75-9a36-44c0-be4d-2a3d8e4eadc0,S.m.care services,कोल्हापूर,आजरा,Elder care attendance,700,yes,99,Elder Care,Domestic Services,OK,Automobile,automobile keywords found
641d9f89-9a48-4c11-9faf-31128b70e759,Shetty Infraservices Pvt Ltd (Yogesh Pawar),मुंबई,मुंबई शहर,"Electrician. Shetty Infraservices Pvt Ltd. Location: Dadar, Parel, Lalbaug, Prabhadevi, Worli, Mumbai Central, Lower Parel, BKC, Goregaon, Andheri, Marol, Powai, Sakinaka, Kalina, Chandivali, Thane, G","18,000 - 22,000",yes,53,Electrician,Construction,OK,OK,looks correct
dcde7ed5-e091-410b-8531-09f55da08320,Shetty Infraservices Pvt Ltd (Yogesh Pawar),मुंबई,मुंबई शहर,"HVAC Technician. Shetty Infraservices Pvt Ltd. Location: Dadar, Ghansoli, BKC. ITI (RAC) required.","18,000 - 22,000",yes,24,Technician,Hospital,OK,OK,looks correct
c8390a32-f226-439c-8186-481cf9054a88,Shetty Infraservices Pvt Ltd (Yogesh Pawar),मुंबई,मुंबई शहर,"Technical Supervisor. Shetty Infraservices Pvt Ltd. Location: Ghansoli, BKC. ITI + PWD / Diploma required.","26,000 - 30,000",yes,12,Supervisor,General,OK,OK,looks correct
7bdfea3e-4301-4114-bc49-98c5726879aa,Bharat pay company,कोल्हापूर,करवीर,*भारत पे Qr कोड कंपनीमध्ये Qrकोड रजिस्ट्रेशन/ साऊंड बॉक्स/ लोन /रिव्हिजिट या कामासाठी इच्छुक उमेदवारांची भरती सुरू आहे *फिल्ड वर्क आहे *पर Qr कोड 500 रुपये पेमेंट आहे (स्लॅब नुसार),35000/45000,yes,1,Sales,General,OK,OK,looks correct
93d8b7ba-17b8-4bd5-90fb-62b122c8a215,Shetty Infraservices Pvt Ltd (Yogesh Pawar),मुंबई,मुंबई शहर,"Plumber (Fresher / Experienced). Shetty Infraservices Pvt Ltd. Location: Worli, Andheri, Chandivali-Powai, Sion, Rabale.","18,000 - 23,000",yes,54,Plumber,Construction,OK,OK,looks correct
254ab65f-7911-4b80-9c80-43e7e7b0d2ba,Sizzelers Enterprises,कोल्हापूर,शिरोळ,"डेस्कटॉप सर्व्हिस इंजिनियर. 2 वर्ष अनुभव आवश्यक, फ्रेशर्स Not Allowed. पुरुष/महिला. 15 वी लेन, एस गॅस एजेन्सी जवळ, जयसिंगपूर - 416101.",,yes,22,Other,General,OK,OK,looks correct
a22c034d-5216-4902-9420-c603b6d4b703,सहयोग मल्टीस्टेट क्रेडिट को-ऑपरेटिव्ह सोसायटी,सांगली,मिरज,पिग्मी एजंट. विश्रामबाग सांगली शाखा.,,yes,15,Bank Staff,General,OK,OK,looks correct
92d07474-92cf-48fb-9a6f-49f0290ede51,Sofi Sonawne,अहमदनगर,अहमदनगर,Housekeeping पाहिजे. Food accommodation provided. Fresher/experience both accepted.,13000 रुपये महिना,yes,7,Cleaner,General,OK,OK,looks correct
41fa10e6-6702-451f-b300-53ade3cd60af,Sofi Sonawne,पुणे,पुणे शहर,Housekeeping पाहिजे. Food accommodation provided. Fresher/experience both accepted.,13000 रुपये महिना,yes,7,Cleaner,General,OK,OK,looks correct
2ed6514a-2036-42b3-8820-74c800b24143,Suraj Minachekar,कोल्हापूर,कोल्हापूर,Office Boy. Kawala Naka Kolhapur.,11000-13000 रुपये महिना,yes,6,Peon,General,OK,OK,looks correct
fdc21c41-0105-4b9c-a4d7-c7cd8d9d3683,Shetty Infraservices Pvt Ltd (Yogesh Pawar),मुंबई,मुंबई शहर,DG Operator. Shetty Infraservices Pvt Ltd. Location: Ghansoli. ITI / Diploma required.,"23,000 - 26,000",yes,46,Operator,Manufacturing,OK,OK,looks correct
0472ca7a-1f2f-4e71-bfc8-74da1c59e4c8,Shetty Infraservices Pvt Ltd (Yogesh Pawar),मुंबई,मुंबई शहर,"MST Technician. Shetty Infraservices Pvt Ltd. Location: Malad, Goregaon, Andheri. ITI / PWD / Diploma required.","19,000 - 25,000",yes,24,Technician,Hospital,OK,OK,looks correct
2a11aed4-8f5f-4984-ae31-b0e956523cad,Shetty Infraservices Pvt Ltd (Yogesh Pawar),मुंबई,मुंबई शहर,"BMS Operator. Shetty Infraservices Pvt Ltd. Location: BKC, Andheri, Ghansoli, Churchgate, Wadala, Rabale. ITI / Diploma required.","22,000 - 27,000",yes,46,Operator,Manufacturing,OK,OK,looks correct
aa0c4bbc-ca0f-47a9-b2cb-d6f3460660f9,Future Creation IT Services,सातारा,सातारा,"ऑफिस एक्झिक्युटिव. तामजाई नगर, सातारा. Graduate किंवा MBA. फ्रेशर्स किंवा अनुभवी. दुसरा संपर्क: 7083670809",10000 ते 15000 रुपये महिना,yes,17,Office Assistant,General,OK,OK,looks correct
04601320-7e29-4afd-a8bf-f325bcda3869,True FMS,मुंबई,मुंबई शहर,साफसफाई साठी लेडीज स्टाफची गरज आहे. पगार १४००० कामाचे तास - ८ तास आठवड्यातून १ सुट्टी स्थान - नायगाव ईस्ट/ मिरारोड ईस्ट कामाची वेळ - दुपारी 8 ते संध्याकाळी 5 अधिक माहितीसाठी कृपया संपर्क साधा - 876658,12500,yes,7,Cleaner,General,OK,OK,looks correct
cac853fe-9bc6-4268-84d8-26a934983672,ISS Facility Services,पुणे,पुणे,Fitter. ITI qualification. Sus-Nande Pune. Canteen + PF + ESIC + Mediclaim + Suraksha Policy. Contact: Sunil Patil.,20500 रुपये महिना,yes,5,Mechanic,General,OK,Hotel / Restaurant,hotel/restaurant keywords found
bb84ebfe-edb9-4745-b5ff-fa42e8d7fc24,Smart Technical Jaysingpur,कोल्हापूर,जयसिंगपूर,"Electrical / Electronics Engineer. Degree, Diploma, ITI. Fresher or experienced.",15000-35000 रुपये महिना,yes,53,Electrician,Construction,OK,OK,looks correct
a1bb036f-1744-4e65-9c4b-7e82e36bb87c,Sofi Sonawne,अहमदनगर,अहमदनगर,Restaurant मध्ये Waiter पाहिजे. Food accommodation provided. Fresher/experience both accepted.,14000 रुपये महिना + service tip,yes,39,Waiter,Hotel,OK,Hotel / Restaurant,hotel/restaurant keywords found
aa357f16-89e9-4c0b-8667-b57af3ca8d7b,Shetty Infraservices Pvt Ltd (Yogesh Pawar),मुंबई,मुंबई शहर,Supervisor. Shetty Infraservices Pvt Ltd. Location: Mumbai Central. ITI + PWD / Diploma required.,"24,000 - 27,000",yes,12,Supervisor,General,OK,OK,looks correct
001c3497-b06b-41a5-8a9b-836e26062baf,Shetty Infraservices Pvt Ltd (Yogesh Pawar),मुंबई,मुंबई शहर,"Fire Technician. Shetty Infraservices Pvt Ltd. Location: Dadar, Ghansoli, Marol, Sakinaka. ITI / Diploma required.","18,000 - 23,000",yes,24,Technician,Hospital,OK,OK,looks correct
d479083b-f071-47fc-b1c7-5e75edd270d8,Shetty Infraservices Pvt Ltd (Yogesh Pawar),मुंबई,मुंबई शहर,Electrical Engineer. Shetty Infraservices Pvt Ltd. Location: Ghansoli. Diploma / Degree required.,"24,000 - 30,000",yes,19,Engineer,General,OK,OK,looks correct
f090207a-3e79-4935-912e-583866b98001,Shetty Infraservices Pvt Ltd (Yogesh Pawar),मुंबई,मुंबई शहर,Purchase Executive. Shetty Infraservices Pvt Ltd. Location: Dadar. Graduate with Experience required.,"22,000 - 30,000",yes,22,Other,General,OK,OK,looks correct
a9c6ded9-a514-458c-8eda-2c6d3498ed57,Angular Soft Private limited,नागपूर,हिंगणा,📝 Work Role: 📂 Basic office management tasks 🗂️ Record keeping and coordination 📞 Communication with clients/team ✅ Support in day-to-day operations,15000/- to 25000,yes,16,Computer Operator,General,OK,OK,looks correct
f36e51db-4239-4d72-b738-6f493c62bc5e,Shetty Infraservices Pvt Ltd (Yogesh Pawar),मुंबई,मुंबई शहर,Account Executive. Shetty Infraservices Pvt Ltd. Location: Ghansoli. Degree required.,"22,000 - 30,000",yes,93,Accounts Executive,Finance & Insurance,OK,OK,looks correct
14080ecf-9f8c-4551-94a6-919f04d36212,Rich Apple Agrotech India Pvt. Ltd.,सांगली,सांगली,"अग्रीकल्चर सेल्स. पात्रता: अॅग्रीकल्चर सेल अनुभव आवश्यक. पश्चिम महाराष्ट्रातील सर्वात मोठी भरती. पत्ता: Ground Floor, Om Gita Residency, Behind Ganpati Mandir, विश्रामबाग, सांगली 416416.",,yes,1,Sales,General,OK,OK,looks correct
a2f9c747-07ff-4cf9-bbc6-46fe6f3d268a,Plasto कंपनी (BT HR SERVICE),नागपूर,नागपूर शहर,"मटेरियल पॅकिंग काम. वाडी, नागपूर. 8 तास काम + ओव्हरटाइम. बेनिफिट्स: PF, ESIC, मंथली इन्सेन्टिव्ह, वीकली ऑफ, ओव्हरटाइम. डॉक्युमेंट: आधार कार्ड, पॅन कार्ड, बँक पासबुक, 2 फोटो. फ्री जॉब - कोई चार्जेस नाह",580 रुपये प्रतिदिन (15080 महिना),yes,47,Worker,Manufacturing,OK,Finance,finance/banking keywords found
768c2c0b-7577-47f4-87eb-e13f86339505,Optigma,कोल्हापूर,कागल,"मशीन शॉप कामगार. कागल 5 स्टार MIDC. शिक्षणाची अट नाही. डॉक्युमेंट: आधार कार्ड, पॅन कार्ड, बँक पासबुक, 2 फोटो. संपर्क: अतुल कोरवी 7385222917, अनिकेत माने 9545721122, सोमनाथ शेंडगे 8550035224.",16800 ते 17800 रुपये महिना,yes,46,Operator,Manufacturing,OK,Finance,finance/banking keywords found
5f008241-e540-4ee6-917b-2e68d6cac586,Hill Tree Tea Powder Company,कोल्हापूर,कोल्हापूर,Marketing salesman & distributor for tea powder. Experienced & hard working. Contact: Jayesh. दुसरा संपर्क: 8369250720.,,yes,1,Sales,General,OK,OK,looks correct
def872be-0baa-4b1f-a105-7be76d00ac49,Delhivery,सांगली,तासगाव,"दररोज 50 ते 80 पॅकेट डिलिव्हरी, 700 ते 1200 रुपये दररोज कमवू शकता, साप्ताहिक पेमेंट, 12 लाखांचे विमा संरक्षण. बाईक आणि अँड्रॉईड फोन आवश्यक.",18000 ते 25000 रुपये महिना (बेस 12500 + PF + बोनस + पेट्रोल ₹3/कि.मी),yes,2,Delivery Boy,General,OK,Finance,finance/banking keywords found
a2ac89d2-d9a0-43ba-a7ec-34c28da7a39b,Sunil Thorat Recruitment,मुंबई,मुंबई,"Accounting (Account, Finance, Taxation). 2-5 LPA. Age up to 40.",,yes,21,Accountant,General,OK,Finance,finance/banking keywords found
8c21078d-87d6-4f40-a5f6-2f0f9c48d8fc,Wealthy Partner Kolhapur,कोल्हापूर,कोल्हापूर,"Office Assistant. Sterling Tower, Shahupuri, Kolhapur. दुसरा संपर्क: 8672837538.",6000,yes,17,Office Assistant,General,OK,OK,looks correct
f7b80091-f718-416c-9d1f-178c2dcede15,Monali,पुणे,हवेली,HVAC SOLUTION COMPANY JOB POST- OFFICE ADMINISTRATOR QUALIFICATION -HIGH SCHOOL DIPLOMA/DEGRER PREFERRED EXPERIENCE - 1-2 YEARS ROLES RESPONSIBILITY -OFFICE ADMINISTRATOR KNOWLEDGE - XL MS OFFICE WORD,20000,yes,17,Office Assistant,General,OK,Education,education keywords found
25137fb2-1a86-4349-9915-e973383733c0,Sizzelers Enterprises,कोल्हापूर,शिरोळ,"CCTV इंजिनियर. 2 वर्ष अनुभव आवश्यक, फ्रेशर्स Not Allowed. पुरुष/महिला. 15 वी लेन, एस गॅस एजेन्सी जवळ, जयसिंगपूर - 416101.",,yes,24,Technician,Hospital,OK,OK,looks correct
36e3f626-c22b-445b-85ad-b458f2b118d3,CreditAccess Grameen Limited,सांगली,मिरज,"Relationship Officer (स्थानिक रोजगाराच्या संधी). LAP/Affordable Housing. वार्षिक कामगिरी बोनस, इंधन भत्ता. LAP/परवडणाऱ्या गृहकर्ज उत्पादनांमध्ये 1-5 वर्षांचा अनुभव. DL/LLR सह दुचाकीवाहन अनिवार्य. ग्रा",,yes,1,Sales,General,OK,Real Estate,finance/banking keywords found; manufacturing/factory keywords found; real estate keywords found
fef80cc3-6d67-4b70-8a2d-82e8146c221b,Sizzelers Enterprises,कोल्हापूर,शिरोळ,"ऑफिस बॉय. फ्रेशर्स / 1 वर्ष अनुभव. पुरुष/महिला. 15 वी लेन, एस गॅस एजेन्सी जवळ, जयसिंगपूर - 416101.",,yes,6,Peon,General,OK,OK,looks correct
d5919626-f258-431b-87a4-8ca088dc4293,Sizzelers Enterprises,कोल्हापूर,शिरोळ,"डिलिव्हरी बॉय. ड्रायव्हिंग लायसन्स पाहिजे. 15 वी लेन, एस गॅस एजेन्सी जवळ, जयसिंगपूर - 416101.",,yes,2,Delivery Boy,General,OK,OK,looks correct
e078f42c-29fc-4d0b-bd79-31513837f492,Maharashtra Agro Equipments (Agrovator),सांगली,मिरज,"कामगार पाहिजेत. 530/20/3, 100 ft Road, सांगली.",,yes,47,Worker,Manufacturing,OK,OK,looks correct
f6253978-1794-44ca-bb8f-487fb5ad6656,Vishrambagh Corporate Office,सांगली,सांगली,MCA / Computer Engineer. Corporate environment. Vishrambagh Sangli.,,yes,19,Engineer,General,OK,OK,looks correct
1a173970-8c25-426c-bdfa-07521b369d35,Shetty Infraservices Pvt Ltd (Yogesh Pawar),मुंबई,मुंबई शहर,Shift Executive. Shetty Infraservices Pvt Ltd. Location: Ghansoli. Diploma / Degree required.,"30,000 - 42,000",yes,22,Other,General,OK,OK,looks correct
4b3ea36d-f097-4bad-8053-252d3f0e9499,Shetty Infraservices Pvt Ltd (Yogesh Pawar),मुंबई,मुंबई शहर,"Help Desk (Male only). Shetty Infraservices Pvt Ltd. Location: Mumbai Central, Andheri. Any Degree with Experience required.","25,000 - 35,000",yes,22,Other,General,OK,OK,looks correct
41fb3fe2-4f91-462e-9f6a-6b184836c7a1,Shetty Infraservices Pvt Ltd (Yogesh Pawar),मुंबई,मुंबई शहर,Admin Executive (Housekeeping). Shetty Infraservices Pvt Ltd. Location: Ghansoli. Any Degree / Housekeeping Field Experience required.,"25,000 - 35,000",yes,29,Housekeeping,Hospital,OK,OK,looks correct
aff74047-caa8-48df-b5fa-e4991b2911ff,Shetty Infraservices Pvt Ltd (Yogesh Pawar),मुंबई,मुंबई शहर,Lift Operator. Shetty Infraservices Pvt Ltd. Location: Kalina.,"17,000 - 20,000",yes,46,Operator,Manufacturing,OK,OK,looks correct
6f241f68-cf03-4768-b328-4340c9947aa2,Smart Technical Jaysingpur,कोल्हापूर,जयसिंगपूर,"Accountant Tally. Degree, Diploma, ITI. Fresher or experienced.",15000-35000 रुपये महिना,yes,21,Accountant,General,OK,OK,looks correct
49732256-6458-4ccb-81fa-aad629905b6b,Raj Patil,मुंबई,मुंबई,"Loader/Helper. Loading, unloading, trolleying. Permanent job. Age 18-45. PF, medical insurance, gratuity. Contact: HR Raj Sir.",14000-22000 रुपये महिना,yes,11,Helper,General,OK,Hospital,finance/banking keywords found; healthcare keywords found
018ccf95-c1a4-4ace-805a-dff6146f65f3,Airport HR,मुंबई,मुंबई शहर,काउंटर स्टाफ - एअरपोर्ट एअरपोर्टवर मोफत नोकरी – थेट भरती सुरू! विमान वाहतूक क्षेत्रात करिअर घडवण्याची संधी! नोकरीचे ठिकाण: मुंबई आंतरराष्ट्रीय विमानतळ / नवी मुंबई आंतरराष्ट्रीय विमानतळ सुविधा: मोफत नि,"23,000 - 29,000",yes,22,Other,General,OK,Transport / Logistics,aviation/airport keywords found; finance/banking keywords found; transport/logistics keywords found
2289cd1a-3cd1-4ce2-a8ec-7e9b15be48b3,Airport HR,मुंबई,मुंबई शहर,फूड काउंटर - एअरपोर्ट एअरपोर्टवर मोफत नोकरी – थेट भरती सुरू! विमान वाहतूक क्षेत्रात करिअर घडवण्याची संधी! नोकरीचे ठिकाण: मुंबई आंतरराष्ट्रीय विमानतळ / नवी मुंबई आंतरराष्ट्रीय विमानतळ सुविधा: मोफत निवा,"22,000 - 27,000",yes,40,Kitchen Helper,Hotel,OK,Transport / Logistics,aviation/airport keywords found; finance/banking keywords found; transport/logistics keywords found
9c4688dc-8662-4e22-ace3-c35f08db133c,Airport HR,मुंबई,मुंबई शहर,रिसेप्शनिस्ट - एअरपोर्ट एअरपोर्टवर मोफत नोकरी – थेट भरती सुरू! विमान वाहतूक क्षेत्रात करिअर घडवण्याची संधी! नोकरीचे ठिकाण: मुंबई आंतरराष्ट्रीय विमानतळ / नवी मुंबई आंतरराष्ट्रीय विमानतळ सुविधा: मोफत नि,"25,000 - 30,000",yes,8,Receptionist,General,OK,Transport / Logistics,aviation/airport keywords found; finance/banking keywords found; transport/logistics keywords found
cec06294-046b-48c9-be26-3720cfb2ee94,Airport HR,मुंबई,मुंबई शहर,सुरक्षा रक्षक - एअरपोर्ट एअरपोर्टवर मोफत नोकरी – थेट भरती सुरू! विमान वाहतूक क्षेत्रात करिअर घडवण्याची संधी! नोकरीचे ठिकाण: मुंबई आंतरराष्ट्रीय विमानतळ / नवी मुंबई आंतरराष्ट्रीय विमानतळ सुविधा: मोफत न,"24,000 - 28,000",yes,3,Security Guard,General,OK,Transport / Logistics,aviation/airport keywords found; finance/banking keywords found; transport/logistics keywords found
981b2665-7fc7-4335-98c4-e400d0730046,Kulkarni Placement,सांगली,सांगली,Computer Operator.,,yes,16,Computer Operator,General,OK,Construction,construction keywords found
48ba7cee-d3e0-4ac1-bd7e-07c6bc73469a,Airport HR,मुंबई,मुंबई शहर,"लोडर - एअरपोर्ट एअरपोर्टवर मोफत नोकरी – थेट भरती सुरू! विमान वाहतूक क्षेत्रात करिअर घडवण्याची संधी! नोकरीचे ठिकाण: मुंबई आंतरराष्ट्रीय विमानतळ / नवी मुंबई आंतरराष्ट्रीय विमानतळ सुविधा: मोफत निवास, कॅन","23,000 - 27,000",yes,77,Loading Worker,Transport,OK,Transport / Logistics,aviation/airport keywords found; finance/banking keywords found; transport/logistics keywords found
fce0d344-78de-47b7-92d4-deeb4f11444f,Airport HR,मुंबई,मुंबई उपनगर,सुपरवायझर - एअरपोर्ट एअरपोर्टवर मोफत नोकरी – थेट भरती सुरू! विमान वाहतूक क्षेत्रात करिअर घडवण्याची संधी! नोकरीचे ठिकाण: मुंबई आंतरराष्ट्रीय विमानतळ / नवी मुंबई आंतरराष्ट्रीय विमानतळ सुविधा: मोफत निवास,"22,000 - 31,000",yes,12,Supervisor,General,OK,Transport / Logistics,aviation/airport keywords found; finance/banking keywords found; transport/logistics keywords found
b362c1fb-2ff1-44a2-aeff-081b17f02f6c,Airport HR,मुंबई,मुंबई उपनगर,"फूड लोडर - एअरपोर्ट एअरपोर्टवर मोफत नोकरी – थेट भरती सुरू! विमान वाहतूक क्षेत्रात करिअर घडवण्याची संधी! नोकरीचे ठिकाण: मुंबई आंतरराष्ट्रीय विमानतळ / नवी मुंबई आंतरराष्ट्रीय विमानतळ सुविधा: मोफत निवास,","18,000 - 24,000",yes,77,Loading Worker,Transport,OK,Transport / Logistics,aviation/airport keywords found; finance/banking keywords found; transport/logistics keywords found
3723c0fd-7e37-4f51-83c5-ac858e422652,Airport HR,मुंबई,मुंबई उपनगर,टिकिटिंग स्टाफ - एअरपोर्ट एअरपोर्टवर मोफत नोकरी – थेट भरती सुरू! विमान वाहतूक क्षेत्रात करिअर घडवण्याची संधी! नोकरीचे ठिकाण: मुंबई आंतरराष्ट्रीय विमानतळ / नवी मुंबई आंतरराष्ट्रीय विमानतळ सुविधा: मोफत ,"26,500 - 41,000",yes,22,Other,General,OK,Transport / Logistics,aviation/airport keywords found; finance/banking keywords found; transport/logistics keywords found
13b305e4-58c5-4adf-8c77-59b09c6dda2c,Vishrambagh Corporate Office,सांगली,सांगली,Marketing Officer. Corporate environment. Vishrambagh Sangli.,,yes,1,Sales,General,OK,OK,looks correct
510bd0df-6cf7-4e40-aa39-469a55ae9097,Airport HR,मुंबई,मुंबई शहर,कॅबिन क्रू - एअरपोर्ट एअरपोर्टवर मोफत नोकरी – थेट भरती सुरू! विमान वाहतूक क्षेत्रात करिअर घडवण्याची संधी! नोकरीचे ठिकाण: मुंबई आंतरराष्ट्रीय विमानतळ / नवी मुंबई आंतरराष्ट्रीय विमानतळ सुविधा: मोफत निवा,"42,000 - 70,000",yes,102,Hotel staff,Hotel,OK,Transport / Logistics,aviation/airport keywords found; finance/banking keywords found; transport/logistics keywords found
1253b606-32fb-48aa-a788-2b7551513805,Airport HR,मुंबई,मुंबई शहर,पासपोर्ट चेकिंग स्टाफ - एअरपोर्ट एअरपोर्टवर मोफत नोकरी – थेट भरती सुरू! विमान वाहतूक क्षेत्रात करिअर घडवण्याची संधी! नोकरीचे ठिकाण: मुंबई आंतरराष्ट्रीय विमानतळ / नवी मुंबई आंतरराष्ट्रीय विमानतळ सुविधा,"18,600 - 29,500",yes,17,Office Assistant,General,OK,Transport / Logistics,aviation/airport keywords found; finance/banking keywords found; transport/logistics keywords found
fac07cb8-c880-4207-9042-ee618443a6f5,Madhukar Herwade,सांगली,सांगली,Production Manager. Salary as per experience. WhatsApp resume only.,,yes,12,Supervisor,General,OK,Manufacturing,manufacturing/factory keywords found
ae4cb36e-f884-425e-b7fa-2d7414abe645,Forvision tech pvt Ltd,पुणे,पुणे शहर,Business development Data analysis Portal handling,Depend on performance and interview base,yes,20,Marketing,General,OK,OK,looks correct
22200611-e1f3-4e3e-b8b7-941c633c562b,Smart Meter Installation,कोल्हापूर,कोल्हापूर,स्मार्ट मीटर बसवणे. 125 पेक्षा जास्त मीटर बसवल्यास प्रति मीटर 125 रु. दोन चाकी वाहन अनिवार्य. फक्त पुरुष. मोफत नोकरी. संपर्क: भूषण सर.,15000 रुपये महिना,yes,53,Electrician,Construction,OK,OK,looks correct
ef9a64ef-986c-47f5-89d8-4e447f1454ee,Smart Meter Installation,सांगली,सांगली,स्मार्ट मीटर बसवणे. 125 पेक्षा जास्त मीटर बसवल्यास प्रति मीटर 125 रु. दोन चाकी वाहन अनिवार्य. फक्त पुरुष. मोफत नोकरी. संपर्क: भूषण सर.,15000 रुपये महिना,yes,53,Electrician,Construction,OK,OK,looks correct
70a4759f-ed58-4a04-ba1d-2a7acee09da2,Smart Meter Installation,रत्नागिरी,रत्नागिरी,स्मार्ट मीटर बसवणे. 125 पेक्षा जास्त मीटर बसवल्यास प्रति मीटर 125 रु. दोन चाकी वाहन अनिवार्य. फक्त पुरुष. मोफत नोकरी. संपर्क: भूषण सर.,15000 रुपये महिना,yes,53,Electrician,Construction,OK,OK,looks correct
22e05514-bff7-42f7-b875-fe60f7865989,Smart Meter Installation,सिंधुदुर्ग,सिंधुदुर्ग,स्मार्ट मीटर बसवणे. 125 पेक्षा जास्त मीटर बसवल्यास प्रति मीटर 125 रु. दोन चाकी वाहन अनिवार्य. फक्त पुरुष. मोफत नोकरी. संपर्क: भूषण सर.,15000 रुपये महिना,yes,53,Electrician,Construction,OK,OK,looks correct
0c1686af-4152-48b2-9bfb-10ada0e0dad1,Vibgyor Solar,सांगली,सांगली,सोलर इंस्टॉलेशन प्रॅक्टिकल काम. अनुभवी इलेक्ट्रिशियन. लगेच जॉइन.,,yes,53,Electrician,Construction,OK,OK,looks correct
3aff055f-f768-447a-bef6-f743b64bcf04,Kulkarni Placement,सांगली,मिरज,"मिरज MIDC. महिलांना प्राधान्य. थर्ड पार्टी जॉब, कोणतेही चार्जेस नाहीत.",15000-20000 रुपये महिना,yes,21,Accountant,General,OK,Construction,construction keywords found
7f3e4caa-abdd-41ed-b4be-eceda2346b24,Kulkarni Placement,सांगली,सांगली,Accountant.,,yes,21,Accountant,General,OK,Construction,construction keywords found
354b0241-c90f-4c91-9361-882380ab72be,Kulkarni Placement,सांगली,सांगली,"Civil Supervisor. बाहेरगावी राहणे, जेवण सोय.",,yes,12,Supervisor,General,OK,Construction,construction keywords found
77063895-9401-4275-a41d-a6f6287d5440,Light E Way Pvt. Ltd.,सांगली,मिरज,"टेलिकॉलर. सिटी बस स्टॅन्ड समोर, वेलनेस मेडिकल वरती सेकंड फ्लोर मिरज. संपर्क: सुनीता चव्हाण मॅडम.",,yes,13,Telecaller,General,OK,OK,looks correct
8ac78a80-bdc0-479b-a058-ffb7141a6224,Bhimsen Patil Computer Classes,कोल्हापूर,कोल्हापूर,"Teaching Software Engineering in Civil. CAD, SketchUp, 3Ds MAX, Lumion. Diploma in Civil / Any Graduate. Salary as per interview. दुसरा संपर्क: 9503716272.",,yes,61,Teacher,Education,OK,Construction,IT/software keywords found; construction keywords found
76d2574b-bf58-4499-ad87-a4a7c347abfe,हॉटेल वैष्णवी,सांगली,सांगली,"रेस्टॉरंट. स्वयंपाक, चिराचिरी, चपाती भाकरी, भांडी. फक्त महिला. अर्धवेळ (Part-Time). संगीता एक्सलन्सी, कोल्हापूर रोड, सांगली 416416.",,yes,38,Cook,Hotel,OK,Hotel / Restaurant,hotel/restaurant keywords found
b9290898-645e-4d6b-9e2b-934cb0a1326e,Walstar Technologies,कोल्हापूर,कोल्हापूर,HR Recruiter. Female candidates only. MBA (HR) / Any Graduate. Passout 2022-2025. Freshers & experienced.,,yes,14,HR,General,OK,OK,looks correct
4b820901-550c-4c0d-b018-befb4457d3bb,सहयोग मल्टीस्टेट क्रेडिट को-ऑपरेटिव्ह सोसायटी,सांगली,सांगली,Pygmy collection agent for bank. Commission-based. Collecting money from customers. Good communication skills required.,,yes,15,Bank Staff,General,OK,Finance,finance/banking keywords found
5f1754fe-7fe2-491c-a927-664a9b2440ab,Vishrambagh Corporate Office,सांगली,सांगली,Computer Operator (Female). Experienced preferred. Corporate environment. Vishrambagh Sangli.,,yes,16,Computer Operator,General,OK,OK,looks correct
0f7f3655-38b8-442a-a96d-529ab5cb146d,Vishrambagh Corporate Office,सांगली,सांगली,Receptionist / Call Operator (Female). Corporate environment. Vishrambagh Sangli.,,yes,8,Receptionist,General,OK,OK,looks correct
2768104a-d5fb-44fa-a4ad-c043b375914f,रोहन मुगळे,कोल्हापूर,कोल्हापूर,Bharat Pe Business QR and Loan selling,20000 प्रति महिना,yes,18,Field Worker,General,OK,Finance,finance/banking keywords found
bce26980-eca8-488e-a57d-678279352cfb,Sangli Restaurant,सांगली,सांगली,Captain. Pure Veg. दुसरा संपर्क: 7888330992.,18000-20000 रुपये महिना,yes,39,Waiter,Hotel,OK,Hotel / Restaurant,hotel/restaurant keywords found
76189824-be38-4c3c-9225-30aa32e90509,Sangli Restaurant,सांगली,सांगली,Steward. Pure Veg. दुसरा संपर्क: 7888330992.,14000 रुपये महिना,yes,39,Waiter,Hotel,OK,Hotel / Restaurant,hotel/restaurant keywords found
03c1204e-a93b-4aae-8519-73ffea7be5e3,Sofi Sonawne,पुणे,पुणे,Restaurant. Salary + service tip. Free food & accommodation.,,yes,39,Waiter,Hotel,OK,Hotel / Restaurant,hotel/restaurant keywords found
2b61e473-7dd2-4c58-a05b-86b9164322fe,Sofi Sonawne,पुणे,पुणे,Chinese Chef. Restaurant. Free food & accommodation.,23000 रुपये महिना,yes,38,Cook,Hotel,OK,Hotel / Restaurant,hotel/restaurant keywords found
1bf63fd2-bc46-4454-9671-0448cc8234f2,Sofi Sonawne,पुणे,पुणे,Housekeeping. Restaurant. Free food & accommodation.,13000 रुपये महिना,yes,7,Cleaner,General,OK,Hotel / Restaurant,hotel/restaurant keywords found
5a79ec85-a701-46c3-9dee-979e602530df,Sofi Sonawne,पुणे,पुणे,Helper. Restaurant. Free food & accommodation.,13000-14000 रुपये महिना,yes,11,Helper,General,OK,Hotel / Restaurant,hotel/restaurant keywords found
0beed474-0e81-459d-9f2e-10e491551a4d,Sofi Sonawne,अहमदनगर,अहमदनगर,Helper. Restaurant. Free food & accommodation.,13000-14000 रुपये महिना,yes,11,Helper,General,OK,Hotel / Restaurant,hotel/restaurant keywords found
7a41cc4d-c42b-431d-8cfe-1aaf37827429,Hill Tree Tea Powder Company,सांगली,सांगली,Marketing salesman & distributor for tea powder. Experienced & hard working. Contact: Jayesh. दुसरा संपर्क: 8369250720.,,yes,1,Sales,General,OK,OK,looks correct
9224b58a-1a25-4b6c-b818-1c5c77b2d5d7,Sagar Jadhav (Kagal Company),कोल्हापूर,कागल,Final cloth checking in reputed company. Salary after interview.,,yes,10,Warehouse Worker,General,OK,Textile / Garment,textile/garment keywords found
bf968028-e8f8-40b2-8ef3-31475c56be4c,Ranjeet Patil Electronics,कोल्हापूर,कोल्हापूर,"Electronics office work. Field work, office work, marketing, customer support. Rajarampuri 12th street Kolhapur. Age 20-35. Time 10 to 7.30. Boys & girls. Outstation candidates preferred.",,yes,17,Office Assistant,General,Salesman / Marketing,OK,description mentions sales/marketing
021b8346-fdf6-4952-82a3-abbf3fd972dc,Vibs Na Shop,कोल्हापूर,कोल्हापूर,"Salesman. M.J. Market, Near M.J. Wines, Kolhapur. Urgent.",,yes,1,Sales,General,OK,Retail / Shop,retail/shop keywords found
739953d7-3898-4fa8-bed3-1d8035107f95,Panvel Office Staff,रायगड,पनवेल,Office work. Boys & girls. 10am-5pm. 1BHK/2BHK accommodation available.,,yes,17,Office Assistant,General,OK,OK,looks correct
3056c6d8-df2f-45e3-bf57-bcab14f31c71,Suraj Minachekar,कोल्हापूर,कोल्हापूर,Sales Executive. Diploma/Degree in Civil. No hidden charges. Contact 10am-7pm.,20000-30000 रुपये महिना,yes,1,Sales,General,OK,Construction,construction keywords found
fec01347-faf3-40e2-8221-3920907b43de,Madhukar Herwade,सांगली,सांगली,Accountant. Salary as per experience. WhatsApp resume only.,,yes,21,Accountant,General,OK,OK,looks correct
432ca8f2-8a04-4756-b6bb-a40c7058cb5f,Madhukar Herwade,सांगली,सांगली,HR Assistant. Salary as per experience. WhatsApp resume only.,,yes,14,HR,General,OK,OK,looks correct
1764bbc9-1732-4149-b270-ed4d28e9947e,Madhukar Herwade,सांगली,सांगली,Office Boy. Salary as per experience. WhatsApp resume only.,,yes,6,Peon,General,OK,OK,looks correct
d98936fc-7ba0-4ed4-9533-1aa49fd21074,Madhukar Herwade,सांगली,सांगली,Driver. Salary as per experience. WhatsApp resume only.,,yes,4,Driver,General,OK,OK,looks correct
960e0d1f-c231-43a5-b008-7bc71cc4cac0,Sujit Khondre,सोलापूर,सोलापूर,Survey/data collection फील्ड वर्कर (Field Worker). Boys & girls. 8 hrs. दुसरा संपर्क: 9766368613.,18000-20000 रुपये महिना,yes,18,Field Worker,General,OK,OK,looks correct
3812143c-7296-492c-a099-00a1dcf93927,Bhavya Agencies,कोल्हापूर,शिरोली,Tally Operator. Shiroli.,,yes,21,Accountant,General,OK,OK,looks correct
332fcc65-3abe-4125-970b-8beaf8632c34,Xpanse Cafe,कोल्हापूर,कोल्हापूर,"Cleaning staff in cafe. Full time 9 hrs. PF + ESI. Rajarampuri, Kolhapur.",10000 रुपये महिना,yes,7,Cleaner,General,OK,OK,looks correct
85785a9b-d406-457d-9f99-31f96ed0d685,Xpanse Cafe,कोल्हापूर,कोल्हापूर,"Cleaning staff in cafe. Part time 6 hrs. PF + ESI. Rajarampuri, Kolhapur.",,yes,7,Cleaner,General,OK,OK,looks correct
36888fdf-bc57-47a5-8c42-f6e511ba920a,A to Z Furniture,कोल्हापूर,कोल्हापूर,Furniture showroom worker. Full time / part time. उजळाईवाडी.,13000-15000 रुपये महिना,yes,9,Shop Assistant,General,OK,Retail / Shop,retail/shop keywords found
95592982-3091-481e-8e80-4e3a3130f18c,सूर्या हॉस्पिटल,कोल्हापूर,कोल्हापूर,"Nursing Staff. कोंडाओळ चौक, सुभाष रोड, लक्ष्मीपुरी, कोल्हापूर. दुसरा संपर्क: 0231 2644100.",,yes,23,Nurse,Hospital,OK,OK,looks correct
ba9e50d2-d729-42c8-a62b-3cc2c94c07f2,A to Z Furniture,कोल्हापूर,कोल्हापूर,Tempo Driver. उजळाईवाडी.,13000-15000 रुपये महिना,yes,4,Driver,General,OK,OK,looks correct
f1356f08-d73e-4dbe-bcf6-9631e961c68c,Ujalaiwadi Office,कोल्हापूर,कोल्हापूर,"Office boy. Documents transportation, bank/post/courier work, office maintenance & cleanliness. 9am-6pm. Ujalaiwadi, Kolhapur. Salary negotiable.",,yes,6,Peon,General,OK,Transport / Logistics,finance/banking keywords found; transport/logistics keywords found
67992943-8b67-4e66-ae69-62a5a282fb8f,H. Mane Security,सांगली,सांगली,"Security Guard. 8 hrs, 26 days. Age 25-45. Ex-serviceman priority. Food facility. दुसरा संपर्क: Arjun Patil 8421937939.",22400 रुपये महिना,yes,3,Security Guard,General,OK,OK,looks correct
fde23b92-d64f-4ab9-ae68-01082a143213,Sujit Khondre,उस्मानाबाद,उस्मानाबाद,Survey/data collection फील्ड वर्कर (Field Worker). Boys & girls. 8 hrs. दुसरा संपर्क: 9766368613.,18000-20000 रुपये महिना,yes,18,Field Worker,General,OK,OK,looks correct
9bcb7555-884c-49fb-b0f1-11fc7297ebf6,सूर्या हॉस्पिटल,कोल्हापूर,कोल्हापूर,"Dialysis Technician. कोंडाओळ चौक, सुभाष रोड, लक्ष्मीपुरी, कोल्हापूर. दुसरा संपर्क: 0231 2644100.",,yes,24,Technician,Hospital,OK,OK,looks correct
e2157880-e007-4274-868e-841695f106e9,सूर्या हॉस्पिटल,कोल्हापूर,कोल्हापूर,"Receptionist / Manager. कोंडाओळ चौक, सुभाष रोड, लक्ष्मीपुरी, कोल्हापूर. दुसरा संपर्क: 0231 2644100.",,yes,8,Receptionist,General,OK,Hospital,healthcare keywords found
66309bb8-1e22-46ad-9a9f-ba7cc288fe10,सूर्या हॉस्पिटल,कोल्हापूर,कोल्हापूर,"मावशी / वॉर्ड बॉय. कोंडाओळ चौक, सुभाष रोड, लक्ष्मीपुरी, कोल्हापूर. दुसरा संपर्क: 0231 2644100.",,yes,7,Cleaner,General,OK,Hospital,healthcare keywords found
42c179c1-a7c3-4eba-a25f-e5250f57c754,Electric Meter Replacement,कोल्हापूर,कोल्हापूर,इलेक्ट्रिक मीटर रिप्लेसमेंट. वीज विभागाचे काम. ITI इलेक्ट्रिशियन / अनुभवी वायरमन.,,yes,53,Electrician,Construction,OK,OK,looks correct
1635fde8-1be1-48bd-8059-b9c9915e775f,ISS Facility Services,पुणे,पुणे,HK Supervisor. Pashan Pune. Canteen + PF + ESIC + Mediclaim + Suraksha Policy. Contact: Sunil Patil.,25000 रुपये महिना,yes,12,Supervisor,General,OK,Hotel / Restaurant,hotel/restaurant keywords found
9e7c0683-5199-4d12-b391-a89daa45c2a9,ISS Facility Services,पुणे,पुणे,"HVAC Operator. ITI (RAC), Diploma or BE Mechanical. Sus-Nande Pune. Canteen + PF + ESIC + Mediclaim + Suraksha Policy. Contact: Sunil Patil.",20500 रुपये महिना,yes,46,Operator,Manufacturing,OK,Hotel / Restaurant,hotel/restaurant keywords found
75da1194-0d95-4dad-868b-3c2f1c9c437a,ISS Facility Services,पुणे,पुणे,ITI Plumber. 0-2 years experience. Sus-Nande Pune. Canteen + PF + ESIC + Mediclaim + Suraksha Policy. Contact: Sunil Patil.,20500 रुपये महिना,yes,54,Plumber,Construction,OK,Hotel / Restaurant,hotel/restaurant keywords found
b45810e5-72a6-4826-a43e-c508b6274425,ISS Facility Services,पुणे,पुणे,BMS Operator. ITI/Diploma/BE Electrical/Electronics. Sus-Nande Pune. Canteen + PF + ESIC + Mediclaim + Suraksha Policy. Contact: Sunil Patil.,20500 रुपये महिना,yes,46,Operator,Manufacturing,OK,Hotel / Restaurant,hotel/restaurant keywords found
670f36a0-557d-4cd3-8253-a96b3335c2a3,ISS Facility Services,पुणे,पुणे,ITI Carpenter. Sus-Nande Pune. Canteen + PF + ESIC + Mediclaim + Suraksha Policy. Contact: Sunil Patil.,20500 रुपये महिना,yes,55,Carpenter,Construction,OK,Automobile,hotel/restaurant keywords found; automobile keywords found
f2605ee0-634c-4947-8191-c1d4cbaa9ae9,ISS Facility Services,पुणे,पुणे,Boiler Operator. 2nd Class Licence required. Sus-Nande Pune. Canteen + PF + ESIC + Mediclaim + Suraksha Policy. Contact: Sunil Patil.,25000 रुपये महिना,yes,46,Operator,Manufacturing,OK,Hotel / Restaurant,hotel/restaurant keywords found
ece636bb-56bf-4f50-b902-592afc56b572,Kulkarni Placement,सांगली,मिरज,महिला टेलीकॉलर. वेळ: 10 ते 6.,,yes,13,Telecaller,General,OK,Construction,construction keywords found
2bc66e40-d01c-4eea-a77d-1b402c87f282,Ashok Security Services,सांगली,मिरज,कुपवाड MIDC. डे ड्यूटी आणि नाईट ड्यूटी 12 तास. लिहिता वाचता येणे गरजेचे. दुसरा संपर्क: 7020896353.,,yes,3,Security Guard,General,OK,OK,looks correct
b9455aaa-0292-4c78-a8c5-babed1d2084c,Kulkarni Tushar,सांगली,सांगली,हॉस्पिटल कॅन्टीन. साऊथ इंडियन पदार्थ. पुरुष/महिला.,,yes,38,Cook,Hotel,OK,Hospital,healthcare keywords found
c7e89f11-162f-4d48-8b1e-4db09e73544a,Kulkarni Placement,सांगली,मिरज,"Accounts Clerk. Tally आवश्यक. MIDC मिरज. थर्ड पार्टी जॉब, चार्जेस नाहीत.",,yes,21,Accountant,General,OK,Construction,construction keywords found
555f2edb-d92c-40de-895f-79c92a74cb6c,Sofi Sonawne,अहमदनगर,अहमदनगर,Chinese Chef. Restaurant. Free food & accommodation.,23000 रुपये महिना,yes,38,Cook,Hotel,OK,Hotel / Restaurant,hotel/restaurant keywords found
67401589-3574-407e-90c5-d6de0b769196,Sofi Sonawne,अहमदनगर,अहमदनगर,Housekeeping. Restaurant. Free food & accommodation.,13000 रुपये महिना,yes,7,Cleaner,General,OK,Hotel / Restaurant,hotel/restaurant keywords found
c18fda98-f1e6-441c-90ab-16562be1e07a,Madhukar Herwade,सांगली,सांगली,Recovery Officer. Salary as per experience. WhatsApp resume only.,,yes,22,Other,General,OK,OK,looks correct
4d4f0e9c-84c0-4fc9-bacb-e0df9f74989f,सूर्या हॉस्पिटल,कोल्हापूर,कोल्हापूर,"OT Technician. कोंडाओळ चौक, सुभाष रोड, लक्ष्मीपुरी, कोल्हापूर. दुसरा संपर्क: 0231 2644100.",,yes,24,Technician,Hospital,OK,OK,looks correct
195a3dd8-466a-4751-8139-427aecdf7589,Sofi Sonawne,अहमदनगर,अहमदनगर,Chinese Chef पाहिजे. Food accommodation provided. Fresher/experience both accepted.,23000 रुपये महिना,yes,38,Cook,Hotel,OK,OK,looks correct
2ff5de3c-1c8c-49b9-8961-6fed702b75d9,Sofi Sonawne,पुणे,पुणे शहर,Chinese Chef पाहिजे. Food accommodation provided. Fresher/experience both accepted.,23000 रुपये महिना,yes,38,Cook,Hotel,OK,OK,looks correct
4a70318a-1e8e-43c4-8d0d-99c3b33f1505,Kolhapur Car Showroom,कोल्हापूर,कोल्हापूर,"Car service staff (Gents). Reputed showroom. 8 hrs duty, 26/27 days. Salary + incentive. दुसरा संपर्क: 7776885007.",12500 रुपये महिना,yes,22,Other,General,OK,Automobile,retail/shop keywords found; automobile keywords found
ae74f7ad-dbc8-48d5-8693-ac32703a24b8,Sublime India facilities,पुणे,पुणे शहर,कंपनीकडून दिलेल्या ऑर्डर वेळेवर ग्राहकांपर्यंत पोहोचवणे. पार्सल किंवा प्रॉडक्ट सुरक्षितपणे डिलिव्हर करणे. डिलिव्हरी संबंधित अॅप किंवा कंपनीच्या सूचनांचे पालन करणे. ग्राहकांशी नम्रपणे वागणे आणि चांगली ,18000,yes,2,Delivery Boy,General,OK,OK,looks correct